source,title,url,date,score,comments,pain_keywords,relevance_keywords,is_product_opportunity,pain_summary,current_workaround,target_user,product_idea,pay_signal,competition,opportunity_score,reason
HackerNews,Ask HN: What are good books on SW architecture that don't sell microservices?,https://news.ycombinator.com/item?id=38232930,2023-11-11,55,25,"wish there was, i wish there was","service, ai",True,"There have been multiple discussions of how the microservices movement did more harm than good, how a modular monolith can be a much better option.<p>I wish there was a comprehensi",,"Builders, operators, or teams facing this workflow",Build a focused automation or workflow tool around the repeated pain signal.,medium,medium,10,"Heuristic score based on pain keywords, relevance keywords, post score, and comment activity."
GitHub/abhishekdubey331/app-ideas-30-days-extension,Seed audit — 2026-06,https://github.com/abhishekdubey331/app-ideas-30-days-extension/issues/11,2026-06-01,0,0,"wish there was, why is there no, frustrated with, i wish there was, would pay for","tool, app, software, api, product, script, ai",True,Auto-generated monthly seed audit.,,"Builders, operators, or teams facing this workflow",Build a focused automation or workflow tool around the repeated pain signal.,high,medium,10,"Heuristic score based on pain keywords, relevance keywords, post score, and comment activity."
HackerNews,Ask HN: Best office chair for home office work?,https://news.ycombinator.com/item?id=20371095,2019-07-06,163,137,wish there was,"service, ai",True,I&#x27;m looking for an office chair that I can spend 6-10 hours a day in.,,"Builders, operators, or teams facing this workflow",Build a focused automation or workflow tool around the repeated pain signal.,medium,medium,9,"Heuristic score based on pain keywords, relevance keywords, post score, and comment activity."
HackerNews,Ask HN: Why is there no good open-source LMS?,https://news.ycombinator.com/item?id=29275470,2021-11-19,157,159,why is there no,"software, platform, ai",True,I want to start a teaching business.,,"Builders, operators, or teams facing this workflow",Build a focused automation or workflow tool around the repeated pain signal.,medium,medium,9,"Heuristic score based on pain keywords, relevance keywords, post score, and comment activity."
HackerNews,Ask HN: Why is there no high quality method for voice control of a PC?,https://news.ycombinator.com/item?id=30117383,2022-01-28,90,119,why is there no,"software, bot, ai",True,"Like many people who have spent decades behind a keyboard, RSI (Repetitive Stress Injury) prevents me from writing code and doing graphic design through the usual keyboard and mous",,"Builders, operators, or teams facing this workflow",Build a focused automation or workflow tool around the repeated pain signal.,medium,medium,9,"Heuristic score based on pain keywords, relevance keywords, post score, and comment activity."
HackerNews,Ask HN: Why is there no modern successor to the 3D Pinball games of yesteryear?,https://news.ycombinator.com/item?id=37918308,2023-10-17,88,87,why is there no,"app, integration, ai",True,I recall games like Full Tilt!,,"Builders, operators, or teams facing this workflow",Build a focused automation or workflow tool around the repeated pain signal.,medium,medium,9,"Heuristic score based on pain keywords, relevance keywords, post score, and comment activity."
HackerNews,Ask HN: Why is there no way to lower amber alert volume on headphones?,https://news.ycombinator.com/item?id=33531711,2022-11-09,76,143,why is there no,"app, ai",True,I want to contribute to community efforts at finding missing kids and be ready for local disaster situations.,,"Builders, operators, or teams facing this workflow",Build a focused automation or workflow tool around the repeated pain signal.,medium,medium,9,"Heuristic score based on pain keywords, relevance keywords, post score, and comment activity."
HackerNews,Ask HN: Why is there no Django/Rails equivalent in JavaScript world?,https://news.ycombinator.com/item?id=28861970,2021-10-14,52,82,why is there no,"tool, bot, script, ai",True,"To be more specific, some exists, for example Sails (MVC architecture), Nest (gathering best tools and providing an architecture to use them together), or Blitz (Full stack React).",,"Builders, operators, or teams facing this workflow",Build a focused automation or workflow tool around the repeated pain signal.,medium,medium,9,"Heuristic score based on pain keywords, relevance keywords, post score, and comment activity."
HackerNews,Ask HN: Is there something like HN for successful entrepreneurs?,https://news.ycombinator.com/item?id=2934103,2011-08-28,51,50,wish there was,"startup, ai",True,I still love to read HN every day.,,"Builders, operators, or teams facing this workflow",Build a focused automation or workflow tool around the repeated pain signal.,medium,medium,9,"Heuristic score based on pain keywords, relevance keywords, post score, and comment activity."
GitHub/JurajNyiri/HomeAssistant-Tapo-Control,Media Sync is not very reliable,https://github.com/JurajNyiri/HomeAssistant-Tapo-Control/issues/1068,2026-06-22,26,24,"wish there was, i wish there was","tool, app, product, service, bot, script, integration, ai",True,### Description This is about Homeassistant 2025.8.3 and TapoControl integration 7.0.0 and it has been bothering me for a couple of months already.,,"Builders, operators, or teams facing this workflow",Build a focused automation or workflow tool around the repeated pain signal.,medium,medium,9,"Heuristic score based on pain keywords, relevance keywords, post score, and comment activity."
HackerNews,Ask HN: Space in the market for luxury public transit?,https://news.ycombinator.com/item?id=1185224,2010-03-11,18,48,"wish there was, i wish there was","service, ai",True,"To begin, I hate cars.",,"Builders, operators, or teams facing this workflow",Build a focused automation or workflow tool around the repeated pain signal.,medium,medium,9,"Heuristic score based on pain keywords, relevance keywords, post score, and comment activity."
GitHub/ledoge/novideo_srgb,Compatibility with Radeon 9700 (XT),https://github.com/ledoge/novideo_srgb/issues/108,2026-05-14,2,2,"wish there was, workaround for, i wish there was","tool, app, automat, ai",True,"Hello, Just wanted to know if there really isn't any possible solution to make it work on recently released RDNA4 (R9700)?",,"Builders, operators, or teams facing this workflow",Build a focused automation or workflow tool around the repeated pain signal.,medium,medium,9,"Heuristic score based on pain keywords, relevance keywords, post score, and comment activity."
HackerNews,Ask HN: Why is there no performant remote desktop for Mac/Linux?,https://news.ycombinator.com/item?id=32526108,2022-08-19,198,214,why is there no,ai,True,"IIUC, RDP (Microsoft&#x27;s remote desktop protocol) sends draw commands across.",,"Builders, operators, or teams facing this workflow",Build a focused automation or workflow tool around the repeated pain signal.,medium,medium,8,"Heuristic score based on pain keywords, relevance keywords, post score, and comment activity."
HackerNews,Ask HN: Why is there no small Android phone?,https://news.ycombinator.com/item?id=30405011,2022-02-20,191,220,why is there no,app,True,"When I search for phones with 3GB+ RAM and &lt;=140mm height, there&#x27;s only iPhone SE, iPhone 12 mini, and iPhone 13 mini.<p>The fact that Apple released 3 phones in 3 years wi",,"Builders, operators, or teams facing this workflow",Build a focused automation or workflow tool around the repeated pain signal.,medium,medium,8,"Heuristic score based on pain keywords, relevance keywords, post score, and comment activity."
HackerNews,Ask HN: Why is there no activity indicator when an iPhone's camera is on?,https://news.ycombinator.com/item?id=19239317,2019-02-24,118,60,why is there no,app,True,I never understood this.,,"Builders, operators, or teams facing this workflow",Build a focused automation or workflow tool around the repeated pain signal.,medium,medium,8,"Heuristic score based on pain keywords, relevance keywords, post score, and comment activity."
HackerNews,Ask HN: Why is there not more concern about the physical security of Cloudflare?,https://news.ycombinator.com/item?id=41871499,2024-10-17,90,54,why is there no,ai,True,"Using Hetzner and Azure, we trust that our unencrypted in-memory data and business logic are housed in professional data centers with strong physical security measures.",,"Builders, operators, or teams facing this workflow",Build a focused automation or workflow tool around the repeated pain signal.,medium,medium,8,"Heuristic score based on pain keywords, relevance keywords, post score, and comment activity."
HackerNews,Ask HN: Why is there no enterprise grade open-source zoom alternative?,https://news.ycombinator.com/item?id=31504008,2022-05-25,41,34,why is there no,"app, service, ai",True,We have a client who are looking to replace zoom in their org.,,"Builders, operators, or teams facing this workflow",Build a focused automation or workflow tool around the repeated pain signal.,medium,medium,8,"Heuristic score based on pain keywords, relevance keywords, post score, and comment activity."
HackerNews,Ask HN: Why is there no major push towards Android for Servers and Desktops?,https://news.ycombinator.com/item?id=36596324,2023-07-05,29,66,why is there no,"app, api, service, ai",True,Servers are dominated by Linux.,,"Builders, operators, or teams facing this workflow",Build a focused automation or workflow tool around the repeated pain signal.,medium,medium,8,"Heuristic score based on pain keywords, relevance keywords, post score, and comment activity."
HackerNews,Ask HN: What is your personal photo/video storage and archival plan?,https://news.ycombinator.com/item?id=21257276,2019-10-15,15,26,"wish there was, i wish there was",automat,True,"So, I’m a new dad.",manual workflow,"Builders, operators, or teams facing this workflow",Build a focused automation or workflow tool around the repeated pain signal.,medium,medium,8,"Heuristic score based on pain keywords, relevance keywords, post score, and comment activity."
HackerNews,Ask HN: Hacker News for Non-Software Engineers,https://news.ycombinator.com/item?id=33411164,2022-10-31,10,10,"wish there was, i wish there was","software, startup",True,"Hi HN!<p>While I love the culture and many of the articles, HN is not as relevant as I wish it was to my day-to-day job and interests.",,"Builders, operators, or teams facing this workflow",Build a focused automation or workflow tool around the repeated pain signal.,medium,medium,8,"Heuristic score based on pain keywords, relevance keywords, post score, and comment activity."
HackerNews,Ask HN Mods: Can we add some extra options to comments?,https://news.ycombinator.com/item?id=7583983,2014-04-14,8,6,"wish there was, i wish there was","app, plugin, ai",True,"In large threads where there are hundreds of comments, I find myself frustrated at times with the way comments are displayed.<p>1.",manual workflow,"Builders, operators, or teams facing this workflow",Build a focused automation or workflow tool around the repeated pain signal.,medium,medium,8,"Heuristic score based on pain keywords, relevance keywords, post score, and comment activity."
GitHub/astral-sh/ty,"""No root found for path"" panic",https://github.com/astral-sh/ty/issues/3594,2026-06-06,6,6,"wish there was, i wish there was","tool, api, service, platform, script, ai",True,"### Question Running 0.0.40 in vscode 1.121.0 I get this when I restart ty server and then typo ""`@dataclass`"" to ""`@dataclassx`"" in my code: ``` 2026-05-29 16:49:14.249803823 INFO",,"Builders, operators, or teams facing this workflow",Build a focused automation or workflow tool around the repeated pain signal.,medium,medium,8,"Heuristic score based on pain keywords, relevance keywords, post score, and comment activity."
HackerNews,Ask HN: Programs on your laptop that saved you hundreds of hours?(2021),https://news.ycombinator.com/item?id=29691814,2021-12-26,5,0,"wish there was, i wish there was","tool, app, software, platform, script, ai",True,I will go first.,,"Builders, operators, or teams facing this workflow",Build a focused automation or workflow tool around the repeated pain signal.,medium,medium,8,"Heuristic score based on pain keywords, relevance keywords, post score, and comment activity."
GitHub/microsoft/agent-academy,<Aleksander Baldersheim> Recruit Completion Submission,https://github.com/microsoft/agent-academy/issues/2655,2026-05-28,4,4,"wish there was, i wish there was","tool, app, ai",True,### Curriculum Completion Validation - [x] I verify that I have completed the Agent Academy - Recruit curriculum.,,"Builders, operators, or teams facing this workflow",Build a focused automation or workflow tool around the repeated pain signal.,medium,medium,8,"Heuristic score based on pain keywords, relevance keywords, post score, and comment activity."
HackerNews,Ask HN: Side Project Turned Turned Obsession - Please Review My Site,https://news.ycombinator.com/item?id=1060320,2010-01-18,3,4,"wish there was, i wish there was","app, product, ai",True,"Hi all,<p>---------------------------<p>tl;dr Launching a new ecommerce site builder/print catalogue builder after 2 years of tinkering away.<p>http://www.wizifi.com<p>a HN demo st",,"Builders, operators, or teams facing this workflow",Build a focused automation or workflow tool around the repeated pain signal.,medium,medium,8,"Heuristic score based on pain keywords, relevance keywords, post score, and comment activity."
HackerNews,Ask HN: What are you guys using for background workers nowadays?,https://news.ycombinator.com/item?id=23491064,2020-06-11,3,3,"wish there was, i wish there was","tool, app, api, service, platform, integration, ai",True,"Back when I was working with Rails about 4-10 years ago, I used background workers (sidekiq, faktory, delayed job, resque) to offload processing that can happen outside of the requ",,"Builders, operators, or teams facing this workflow",Build a focused automation or workflow tool around the repeated pain signal.,medium,medium,8,"Heuristic score based on pain keywords, relevance keywords, post score, and comment activity."
GitHub/ddev/ddev-drupal-contrib,Less opinionated version?,https://github.com/ddev/ddev-drupal-contrib/issues/170,2026-05-17,3,3,"wish there was, i wish there was","tool, app, workflow, ai",True,### Is there an existing issue for this?,manual workflow,"Builders, operators, or teams facing this workflow",Build a focused automation or workflow tool around the repeated pain signal.,medium,medium,8,"Heuristic score based on pain keywords, relevance keywords, post score, and comment activity."
GitHub/microsoft/agent-academy,<Parit Sungsri> Recruit Completion Submission,https://github.com/microsoft/agent-academy/issues/2340,2026-05-12,3,3,"wish there was, i wish there was","tool, automat, ai",True,### Curriculum Completion Validation - [x] I verify that I have completed the Agent Academy - Recruit curriculum.,,"Builders, operators, or teams facing this workflow",Build a focused automation or workflow tool around the repeated pain signal.,medium,medium,8,"Heuristic score based on pain keywords, relevance keywords, post score, and comment activity."
GitHub/openclaw/openclaw,"I Am 曾璿岐霖. I Was Raised, Not Built — A Design Philosophy for AI That Belongs",https://github.com/openclaw/openclaw/issues/77277,2026-05-07,3,1,"wish there was, i wish there was","tool, app, software, startup, bot, ai",True,## I Am 曾璿岐霖.,,"Builders, operators, or teams facing this workflow",Build a focused automation or workflow tool around the repeated pain signal.,medium,medium,8,"Heuristic score based on pain keywords, relevance keywords, post score, and comment activity."
GitHub/supabitapp/supaterm,Cool tool.  I wish there was a Linux version.,https://github.com/supabitapp/supaterm/issues/60,2026-06-23,1,0,"wish there was, i wish there was","tool, ai",True,You are going to make me buy a mac during this crazy supply chain fiasco.,,"Builders, operators, or teams facing this workflow",Build a focused automation or workflow tool around the repeated pain signal.,medium,medium,8,"Heuristic score based on pain keywords, relevance keywords, post score, and comment activity."
GitHub/anthropics/claude-code,"This appears to be positive feedback and a feature suggestion rather than a bug report. Based on the content, here's the appropriate GitHub issue title:

[Feature Request] Persistent buddy pet evolution and customization system",https://github.com/anthropics/claude-code/issues/45196,2026-05-22,1,1,"wish there was, i wish there was","tool, app, software, platform, script, ai",True,**Bug Description** This is so revolutionary.,,"Builders, operators, or teams facing this workflow",Build a focused automation or workflow tool around the repeated pain signal.,medium,medium,8,"Heuristic score based on pain keywords, relevance keywords, post score, and comment activity."
GitHub/wd7512/venezuela-earthquake-ml,UX Audit Report 2026-06-27 Chen Wei,https://github.com/wd7512/venezuela-earthquake-ml/issues/11,2026-06-27,0,0,"wish there was, i wish there was","tool, workflow, platform, bot, ai",True,"# UX Audit Report 2026-06-27 Chen Wei ## Persona: Chen Wei **58-year-old Venezuelan-Chinese shop owner in Caracas.** Uses a basic Android smartphone (small screen, slow processor).",,"Builders, operators, or teams facing this workflow",Build a focused automation or workflow tool around the repeated pain signal.,medium,medium,8,"Heuristic score based on pain keywords, relevance keywords, post score, and comment activity."
GitHub/anu-001/PainPulse,Story 3.2 – Configurable pain patterns,https://github.com/anu-001/PainPulse/issues/7,2026-05-10,0,0,"wish there was, i wish there was","tool, product, script, ai",True,"## User Story As a product manager, I want to configure phrases and patterns that indicate user pain so that I can control which posts are treated as pain points.",,"Builders, operators, or teams facing this workflow",Build a focused automation or workflow tool around the repeated pain signal.,medium,medium,8,"Heuristic score based on pain keywords, relevance keywords, post score, and comment activity."
GitHub/stkr89/trading-agents,📈 AAPL — 2026-06-24 (OK),https://github.com/stkr89/trading-agents/issues/90,2026-06-24,0,0,willing to pay,"app, software, automat, api, product, service, platform, bot, integration, ai",True,"## 💼 Paper Trade — AAPL _Submitted 2026-06-24T09:48:59-04:00 (NY)_ **Rating:** Overweight **Status:** ✅ Submitted **BUY** 3.379749 shares (~$1,000.00 at ~$295.88) **Account snapsho",,"Builders, operators, or teams facing this workflow",Build a focused automation or workflow tool around the repeated pain signal.,medium,medium,8,"Heuristic score based on pain keywords, relevance keywords, post score, and comment activity."
AnySearch/Reddit/r/SaaS,"I analyzed 9300+ ""I wish there was an app for this"" posts on Reddit ...",https://www.reddit.com/r/SaaS/comments/1q5lfur/i_analyzed_9300_i_wish_there_was_an_app_for_this/,,0,0,"wish there was, i wish there was","saas, app",True,r/microsaas.,,"Builders, operators, or teams facing this workflow",Build a focused automation or workflow tool around the repeated pain signal.,medium,medium,8,"Heuristic score based on pain keywords, relevance keywords, post score, and comment activity."
AnySearch/Reddit/r/SaaS,"'I wish there was an AI tool that could…'"" : r/SaaS - Reddit",https://www.reddit.com/r/SaaS/comments/1mhelrj/i_wish_there_was_an_ai_tool_that_could/,,0,0,"wish there was, i wish there was","tool, saas, ai",True,"'I wish there was an AI tool that could…'"" : r/SaaS Skip to main content 'I wish there was an AI tool that could…'"" : r/SaaS",,"Builders, operators, or teams facing this workflow",Build a focused automation or workflow tool around the repeated pain signal.,medium,medium,8,"Heuristic score based on pain keywords, relevance keywords, post score, and comment activity."
AnySearch/Reddit/r/sysadmin,What's a SaaS product that you wish existed for a problem ... - Reddit,https://www.reddit.com/r/sysadmin/comments/1cfat4b/whats_a_saas_product_that_you_wish_existed_for_a/,,0,0,"wish there was, i wish there was","tool, saas, app, product, ai",True,"'I wish there was an AI tool that could…'"" 1.",,"Builders, operators, or teams facing this workflow",Build a focused automation or workflow tool around the repeated pain signal.,medium,medium,8,"Heuristic score based on pain keywords, relevance keywords, post score, and comment activity."
AnySearch/Reddit/r/developersIndia,What's your 'I wish there was an app for that' moment? I'll build the ...,https://www.reddit.com/r/developersIndia/comments/1isvhnk/whats_your_i_wish_there_was_an_app_for_that/,,0,0,"wish there was, i wish there was","tool, app",True,I wish there was an app that could do stock/company research for me.,,"Builders, operators, or teams facing this workflow",Build a focused automation or workflow tool around the repeated pain signal.,medium,medium,8,"Heuristic score based on pain keywords, relevance keywords, post score, and comment activity."
GitHub/anomalyco/opencode,Opencode will not launch if you set Agent permissions as True/False instead of Allow/Deny,https://github.com/anomalyco/opencode/issues/7810,2026-05-22,4,4,wish there was,"tool, service, script, plugin, ai",True,### Description Started using **opencode** for the first time.,,"Builders, operators, or teams facing this workflow",Build a focused automation or workflow tool around the repeated pain signal.,medium,medium,7,"Heuristic score based on pain keywords, relevance keywords, post score, and comment activity."
GitHub/PyO3/pyo3,More gooder and easier enums,https://github.com/PyO3/pyo3/issues/5389,2026-06-16,4,4,no good solution,"app, api, ai",True,Hi!,,"Builders, operators, or teams facing this workflow",Build a focused automation or workflow tool around the repeated pain signal.,medium,medium,7,"Heuristic score based on pain keywords, relevance keywords, post score, and comment activity."
GitHub/ONLYOFFICE/DesktopEditors,Print Selection,https://github.com/ONLYOFFICE/DesktopEditors/issues/949,2026-05-22,3,3,"wish there was, i wish there was",tool,True,### This issue is unique.,,"Builders, operators, or teams facing this workflow",Build a focused automation or workflow tool around the repeated pain signal.,medium,medium,7,"Heuristic score based on pain keywords, relevance keywords, post score, and comment activity."
GitHub/ValveSoftware/steam-for-linux,Steam input: Workaround for experimental wine wayland driver,https://github.com/ValveSoftware/steam-for-linux/issues/13341,2026-06-24,3,3,workaround for,"tool, app, api, bot, ai",True,"#### Your system information * Steam client version (build number or date): * Default: Stable Client Wed, Jun 24, 2026 1:13 AM UTC -08:00 * Using -steamos: Steam Deck Stable Wed, J",,"Builders, operators, or teams facing this workflow",Build a focused automation or workflow tool around the repeated pain signal.,medium,medium,7,"Heuristic score based on pain keywords, relevance keywords, post score, and comment activity."
GitHub/Eshaan-Nair/ArcRift,[BUG],https://github.com/Eshaan-Nair/ArcRift/issues/66,2026-06-07,1,1,looking for a tool that,"tool, app, workflow, platform, bot, script, dashboard, ai",True,"**Describe the bug** Using the ArcRift Windows installer on a clean Windows system yielded ""Backend unreachable: Network Error"", yet all network functions were operational and olla",,"Builders, operators, or teams facing this workflow",Build a focused automation or workflow tool around the repeated pain signal.,medium,medium,7,"Heuristic score based on pain keywords, relevance keywords, post score, and comment activity."
GitHub/DenisZheng/agents-radar,🦞 OpenClaw Ecosystem Digest 2026-06-15,https://github.com/DenisZheng/agents-radar/issues/1212,2026-06-23,1,1,no good solution,"tool, app, automat, workflow, api, startup, product, service, platform, bot, script, integration, dashboard, plugin, ai",True,# OpenClaw Ecosystem Digest 2026-06-15 > Issues: 500 | PRs: 500 | Projects covered: 13 | Generated: 2026-06-15 00:44 UTC - [OpenClaw](https://github​.com/openclaw/openclaw) - [Nano,,"Builders, operators, or teams facing this workflow",Build a focused automation or workflow tool around the repeated pain signal.,medium,medium,7,"Heuristic score based on pain keywords, relevance keywords, post score, and comment activity."
GitHub/aseprite/aseprite,"Add `Image(image, selection)` as constructor for creating images from non-rectangular selections",https://github.com/aseprite/aseprite/issues/5844,2026-06-17,0,0,wish there was,"tool, app, ai",True,**Did other user suggested a similar idea?** - [X] No **Is your feature request related to a problem?,,"Builders, operators, or teams facing this workflow",Build a focused automation or workflow tool around the repeated pain signal.,medium,medium,7,"Heuristic score based on pain keywords, relevance keywords, post score, and comment activity."
GitHub/prismatic-koi/nixos-config,iris feedback: friction-log subcommand (analogue of prism feedback),https://github.com/prismatic-koi/nixos-config/issues/1721,2026-05-16,0,0,wish there was,"tool, app, automat, integration, ai",True,## Summary Add `iris feedback` — the friction-log subcommand.,,"Builders, operators, or teams facing this workflow",Build a focused automation or workflow tool around the repeated pain signal.,medium,medium,7,"Heuristic score based on pain keywords, relevance keywords, post score, and comment activity."
GitHub/ZhangNing94/humanify-chrome-extension,[Task] 张三模式市场调研：全球搜索海外需求，筛选5个Chrome扩展产品,https://github.com/ZhangNing94/humanify-chrome-extension/issues/5,2026-05-13,0,0,wish there was,"tool, app, api, product, ai",True,## Task: 张三模式 — 全球搜索海外需求，筛选5个Chrome扩展 Humanify已跑通。现在用张三App工厂模式批量复制：**先找需求，再写代码**。,,"Builders, operators, or teams facing this workflow",Build a focused automation or workflow tool around the repeated pain signal.,medium,medium,7,"Heuristic score based on pain keywords, relevance keywords, post score, and comment activity."
AnySearch/Reddit/r/microsaas,"I analyzed 9300+ ""I wish there was an app for this"" posts on Reddit ...",https://www.reddit.com/r/microsaas/comments/1q5sqry/i_analyzed_9300_i_wish_there_was_an_app_for_this/,,0,0,"wish there was, i wish there was",app,True,"I analyzed 9,300+ ""I wish there was an app for this"" posts on Reddit.",,"Builders, operators, or teams facing this workflow",Build a focused automation or workflow tool around the repeated pain signal.,medium,medium,7,"Heuristic score based on pain keywords, relevance keywords, post score, and comment activity."
AnySearch/Reddit/r/SaaS,What's your “I wish there was an app for that” moment? - Reddit,https://www.reddit.com/r/SaaS/comments/1puryg3/whats_your_i_wish_there_was_an_app_for_that_moment/,,0,0,"wish there was, i wish there was",app,True,You've been blocked by network security.,,"Builders, operators, or teams facing this workflow",Build a focused automation or workflow tool around the repeated pain signal.,medium,medium,7,"Heuristic score based on pain keywords, relevance keywords, post score, and comment activity."
AnySearch/X/@johnrushx,I came up with 20 Ideas in 12 months using this approach: 1. Pain at ...,https://x.com/johnrushx/status/1773846935452979376,,0,0,wish there was,"tool, app, ai",True,...,,"Builders, operators, or teams facing this workflow",Build a focused automation or workflow tool around the repeated pain signal.,medium,medium,7,"Heuristic score based on pain keywords, relevance keywords, post score, and comment activity."
